date,sp500_close,nasdaq_close,vix_close,treasury_10y,dollar_index,market_regime
2021-01-04,3891.04,12952.02,20.48,1.496,90.07,bull
2021-01-05,3847.2,13116.52,19.89,1.504,90.73,bull
2021-01-06,3878.24,12818.48,20.02,1.507,90.46,bull
2021-01-07,3803.95,13290.11,19.59,1.498,90.67,bull
2021-01-08,3715.64,13365.73,20.14,1.498,90.64,bull
2021-01-11,3771.54,13559.93,18.39,1.488,90.74,bull
2021-01-12,3750.18,13487.37,19.33,1.476,91.34,bull
2021-01-13,3749.38,12503.15,18.84,1.483,91.59,bull
2021-01-14,3759.74,12277.43,18.99,1.463,91.27,bull
2021-01-15,3791.59,12194.99,18.66,1.457,91.37,bull
2021-01-18,3763.5,12363.54,18.99,1.435,91.48,bull
2021-01-19,3801.06,11998.34,19.23,1.457,91.4,bull
2021-01-20,3768.72,12159.05,18.94,1.468,91.6,bull
2021-01-21,3860.18,12354.22,18.4,1.461,91.26,bull
2021-01-22,3847.64,12488.87,16.98,1.43,91.62,bull
2021-01-25,3863.17,12665.74,17.0,1.437,91.91,bull
2021-01-26,3761.99,12495.5,17.8,1.446,92.22,bull
2021-01-27,3764.16,12679.81,17.47,1.422,92.52,bull
2021-01-28,3738.8,12663.78,17.52,1.427,92.62,bull
2021-01-29,3744.58,12417.76,16.98,1.411,92.97,bull
2021-02-01,3696.01,12217.7,17.06,1.406,92.98,bull
2021-02-02,3687.78,12431.1,16.21,1.41,93.08,bull
2021-02-03,3628.37,12332.76,15.84,1.37,93.08,bull
2021-02-04,3671.07,11918.51,15.68,1.386,93.02,bull
2021-02-05,3726.25,11498.3,15.46,1.371,92.64,bull
2021-02-08,3846.75,11564.3,16.08,1.378,93.25,bull
2021-02-09,3893.1,11195.94,16.67,1.4,93.15,bull
2021-02-10,3975.99,11068.71,15.65,1.403,93.18,bull
2021-02-11,3943.68,11470.84,15.05,1.442,92.99,bull
2021-02-12,3882.44,11304.64,15.14,1.425,93.5,bull
2021-02-15,4016.04,11362.97,15.13,1.433,93.6,bull
2021-02-16,3969.03,11007.52,15.77,1.445,93.66,bull
2021-02-17,3990.95,10870.22,15.32,1.451,93.74,bull
2021-02-18,4140.5,10609.12,15.35,1.481,93.2,bull
2021-02-19,3977.36,10541.9,14.8,1.454,93.24,bull
2021-02-22,3986.89,10452.37,15.81,1.488,92.91,bull
2021-02-23,4030.55,10080.69,15.29,1.49,92.59,bull
2021-02-24,4091.87,9733.71,14.54,1.481,92.59,bull
2021-02-25,4068.71,9668.5,14.66,1.509,92.82,bull
2021-02-26,4128.88,9688.41,13.62,1.518,92.67,bull
2021-03-01,4212.67,9608.08,13.56,1.543,92.18,bull
2021-03-02,4280.14,9766.89,14.18,1.575,92.12,bull
2021-03-03,4312.79,9976.24,14.14,1.569,92.41,bull
2021-03-04,4304.97,9525.63,14.23,1.587,91.91,bull
2021-03-05,4222.16,9648.55,14.51,1.583,92.22,bull
2021-03-08,4171.61,9936.88,14.04,1.612,92.49,bull
2021-03-09,4082.47,9687.14,14.33,1.605,93.1,bull
2021-03-10,4149.48,9755.37,13.22,1.584,92.99,bull
2021-03-11,4067.64,9520.69,12.52,1.57,93.13,bull
2021-03-12,4071.88,9544.34,12.18,1.569,93.3,bull
2021-03-15,4016.45,9570.25,11.33,1.598,93.3,bull
2021-03-16,4120.65,9620.21,11.74,1.595,93.17,bull
2021-03-17,4149.79,9907.32,11.55,1.609,93.1,bull
2021-03-18,4212.53,10064.89,11.83,1.568,93.44,bull
2021-03-19,4125.47,9694.98,12.77,1.57,93.87,bull
2021-03-22,4064.1,9854.74,11.8,1.549,94.35,bull
2021-03-23,4045.68,9865.8,12.41,1.548,94.04,bull
2021-03-24,3994.43,9732.65,12.93,1.573,93.92,bull
2021-03-25,3961.86,9618.14,12.69,1.58,94.25,bull
2021-03-26,3982.7,9549.64,12.07,1.558,94.57,bull
2021-03-29,4009.41,9593.71,11.74,1.582,94.56,bull
2021-03-30,3985.13,9615.13,10.64,1.583,94.47,bull
2021-03-31,4085.47,9464.27,10.96,1.573,94.86,bull
2021-04-01,4170.56,9324.87,10.8,1.564,95.46,bull
2021-04-02,4164.7,9438.78,10.53,1.573,95.38,bull
2021-04-05,4170.3,9164.06,10.32,1.596,94.93,bull
2021-04-06,4095.3,9038.1,10.44,1.633,94.51,bull
2021-04-07,4185.95,8892.1,10.08,1.639,94.28,bull
2021-04-08,4168.81,8790.55,10.13,1.663,93.8,bull
2021-04-09,4152.63,8881.6,10.61,1.63,93.86,bull
2021-04-12,4089.52,8746.91,11.14,1.663,93.71,bull
2021-04-13,4033.22,8361.23,11.36,1.631,94.25,bull
2021-04-14,4050.53,8256.95,11.32,1.634,94.4,bull
2021-04-15,4026.44,8138.56,10.66,1.647,94.02,bull
2021-04-16,3905.52,8014.24,10.54,1.639,94.34,bull
2021-04-19,3877.96,7920.79,10.92,1.639,94.77,bull
2021-04-20,3856.19,7930.35,10.14,1.636,94.67,bull
2021-04-21,3741.77,7857.07,10.22,1.606,94.92,bull
2021-04-22,3676.35,7884.42,10.94,1.612,94.79,bull
2021-04-23,3677.99,8070.34,10.82,1.584,94.58,bull
2021-04-26,3647.84,8025.04,11.37,1.575,95.18,bull
2021-04-27,3616.13,7810.42,11.0,1.574,94.91,bull
2021-04-28,3703.05,7533.59,10.48,1.532,94.8,bull
2021-04-29,3720.18,7382.77,10.35,1.514,94.77,bull
2021-04-30,3753.64,7371.86,10.87,1.491,95.13,bull
2021-05-03,3663.62,7462.35,10.28,1.447,95.17,bull
2021-05-04,3663.14,7043.83,10.0,1.445,95.36,bull
2021-05-05,3723.26,7001.16,10.04,1.46,95.57,bull
2021-05-06,3750.93,7177.09,10.46,1.462,95.32,bull
2021-05-07,3761.51,7364.48,10.05,1.49,95.2,bull
2021-05-10,3638.16,7273.92,10.0,1.469,95.95,bull
2021-05-11,3612.48,7302.28,10.11,1.465,95.51,bull
2021-05-12,3558.58,7192.43,10.0,1.473,95.49,bull
2021-05-13,3540.47,7200.95,10.0,1.449,95.55,bull
2021-05-14,3507.34,7252.97,10.6,1.475,95.59,bull
2021-05-17,3514.68,7409.7,11.23,1.482,96.19,bull
2021-05-18,3555.88,7446.38,10.72,1.504,96.04,bull
2021-05-19,3570.47,7129.55,10.29,1.528,95.59,bull
2021-05-20,3616.07,6983.17,10.0,1.523,95.03,bull
2021-05-21,3563.14,7075.74,10.45,1.518,95.38,bull
2021-05-24,3523.17,6988.97,10.0,1.493,95.47,bull
2021-05-25,3471.05,6992.65,10.0,1.518,95.34,bull
2021-05-26,3487.98,6797.08,10.13,1.506,95.42,bull
2021-05-27,3484.49,6794.34,10.48,1.502,95.86,bull
2021-05-28,3472.21,6732.52,10.91,1.483,95.91,bull
2021-05-31,3547.13,6613.07,10.14,1.514,96.33,bull
2021-06-01,3548.53,6443.55,10.76,1.523,96.54,bull
2021-06-02,3547.02,6601.7,11.14,1.547,96.63,bull
2021-06-03,3533.42,6593.88,11.04,1.528,96.31,bull
2021-06-04,3425.58,6296.84,11.46,1.532,96.52,bull
2021-06-07,3377.13,6289.85,11.34,1.546,96.32,bull
2021-06-08,3406.91,6325.44,11.56,1.568,96.09,bull
2021-06-09,3359.04,6244.03,11.27,1.604,95.4,bull
2021-06-10,3375.2,6266.13,11.42,1.583,95.62,bull
2021-06-11,3470.45,6200.46,10.26,1.557,95.25,bull
2021-06-14,3456.73,6100.49,10.0,1.559,95.41,bull
2021-06-15,3420.99,6198.34,10.66,1.533,95.22,bull
2021-06-16,3353.02,6349.99,10.61,1.544,95.29,bull
2021-06-17,3352.77,6417.14,11.24,1.505,95.47,bull
2021-06-18,3330.85,6579.08,11.26,1.528,95.63,bull
2021-06-21,3324.44,6579.11,11.22,1.57,95.18,bull
2021-06-22,3368.88,6480.35,11.21,1.554,95.18,bull
2021-06-23,3289.79,6563.29,10.79,1.563,95.1,bull
2021-06-24,3394.29,6716.6,10.59,1.546,95.2,bull
2021-06-25,3512.91,6875.19,10.78,1.566,95.28,bull
2021-06-28,3571.89,6932.13,10.51,1.539,95.66,bull
2021-06-29,3576.74,6943.55,10.45,1.575,95.34,bull
2021-06-30,3540.1,7010.65,10.86,1.553,95.51,bull
2021-07-01,3550.22,7014.9,11.68,1.514,95.12,sideways
2021-07-02,3594.32,7011.76,12.4,1.557,95.34,sideways
2021-07-05,3590.77,7115.87,12.71,1.529,95.57,sideways
2021-07-06,3695.25,7151.36,12.59,1.52,95.46,sideways
2021-07-07,3687.18,7140.36,12.42,1.543,95.6,sideways
2021-07-08,3725.78,7071.07,12.37,1.545,95.44,sideways
2021-07-09,3717.31,6970.6,11.87,1.56,95.65,sideways
2021-07-12,3672.32,6950.85,11.39,1.545,94.99,sideways
2021-07-13,3632.63,6885.53,11.48,1.55,94.96,sideways
2021-07-14,3662.55,6949.05,11.66,1.557,94.55,sideways
2021-07-15,3687.92,7002.29,11.71,1.577,94.31,sideways
2021-07-16,3692.81,6995.72,12.43,1.571,94.22,sideways
2021-07-19,3700.27,7067.07,11.73,1.584,93.86,sideways
2021-07-20,3707.49,6956.93,11.49,1.594,93.71,sideways
2021-07-21,3747.21,7001.9,11.3,1.617,93.96,sideways
2021-07-22,3780.23,7063.41,10.79,1.623,94.1,sideways
2021-07-23,3825.01,6988.75,11.34,1.631,93.88,sideways
2021-07-26,3807.34,7135.45,10.84,1.626,93.74,sideways
2021-07-27,3826.31,7091.86,11.22,1.657,93.04,sideways
2021-07-28,3766.69,7193.54,11.23,1.687,93.22,sideways
2021-07-29,3761.85,7066.63,10.56,1.709,93.59,sideways
2021-07-30,3765.31,6958.2,11.27,1.751,93.94,sideways
2021-08-02,3789.45,7003.8,10.34,1.786,94.51,sideways
2021-08-03,3839.83,6891.26,10.83,1.78,94.5,sideways
2021-08-04,3786.46,6761.86,10.02,1.774,93.91,sideways
2021-08-05,3754.74,6756.83,10.0,1.771,93.81,sideways
2021-08-06,3744.64,6713.03,10.0,1.779,93.42,sideways
2021-08-09,3785.62,6677.75,10.0,1.786,93.79,sideways
2021-08-10,3724.79,6552.1,10.54,1.759,93.37,sideways
2021-08-11,3745.56,6445.42,10.72,1.769,92.84,sideways
2021-08-12,3663.86,6359.75,11.31,1.758,92.55,sideways
2021-08-13,3625.06,6393.69,11.33,1.746,92.06,sideways
2021-08-16,3637.75,6335.32,11.39,1.713,92.49,sideways
2021-08-17,3624.15,6371.74,11.7,1.67,92.1,sideways
2021-08-18,3626.73,6196.99,10.97,1.692,92.23,sideways
2021-08-19,3636.49,6272.38,11.55,1.719,92.19,sideways
2021-08-20,3574.14,6204.34,11.3,1.732,91.64,sideways
2021-08-23,3594.77,6203.69,11.14,1.792,91.32,sideways
2021-08-24,3621.35,6160.02,11.51,1.757,91.18,sideways
2021-08-25,3614.15,6208.02,11.24,1.77,90.58,sideways
2021-08-26,3615.52,6188.97,11.49,1.803,90.51,sideways
2021-08-27,3627.37,6120.97,10.92,1.811,90.63,sideways
2021-08-30,3584.35,6085.97,10.75,1.816,90.91,sideways
2021-08-31,3561.95,6029.99,10.91,1.791,90.99,sideways
2021-09-01,3545.4,6278.6,10.77,1.79,90.95,sideways
2021-09-02,3596.41,6332.06,10.92,1.801,90.49,sideways
2021-09-03,3604.76,6377.22,10.82,1.822,90.57,sideways
2021-09-06,3633.76,6402.66,11.38,1.835,90.04,sideways
2021-09-07,3666.07,6486.05,11.18,1.835,90.27,sideways
2021-09-08,3671.84,6500.64,12.23,1.836,90.26,sideways
2021-09-09,3666.35,6515.24,11.91,1.854,89.72,sideways
2021-09-10,3681.64,6560.41,11.71,1.834,89.92,sideways
2021-09-13,3742.68,6355.52,12.11,1.858,89.61,sideways
2021-09-14,3798.63,6358.35,11.33,1.867,89.68,sideways
2021-09-15,3775.1,6459.79,11.19,1.879,89.55,sideways
2021-09-16,3756.83,6385.39,11.92,1.889,89.35,sideways
2021-09-17,3762.53,6463.6,11.85,1.901,89.13,sideways
2021-09-20,3763.05,6342.61,11.79,1.888,89.52,sideways
2021-09-21,3739.99,6286.54,12.15,1.874,89.53,sideways
2021-09-22,3735.68,6274.88,11.65,1.895,89.32,sideways
2021-09-23,3752.91,6301.62,11.93,1.886,89.18,sideways
2021-09-24,3774.46,6260.06,11.68,1.879,89.15,sideways
2021-09-27,3762.58,6253.04,11.19,1.88,89.41,sideways
2021-09-28,3736.16,6287.99,12.06,1.857,89.37,sideways
2021-09-29,3743.39,6275.28,11.47,1.859,89.17,sideways
2021-09-30,3764.44,6412.21,11.52,1.892,88.87,sideways
2021-10-01,3773.94,6444.21,10.98,1.866,88.79,sideways
2021-10-04,3699.43,6509.81,10.71,1.875,88.96,sideways
2021-10-05,3699.36,6418.93,10.1,1.877,88.54,sideways
2021-10-06,3667.59,6382.5,10.0,1.887,88.48,sideways
2021-10-07,3709.06,6507.95,10.0,1.843,88.37,sideways
2021-10-08,3708.69,6403.46,10.1,1.836,88.83,sideways
2021-10-11,3681.53,6292.56,10.0,1.814,89.1,sideways
2021-10-12,3694.54,6290.27,10.0,1.821,88.85,sideways
2021-10-13,3740.35,6196.82,10.2,1.814,89.31,sideways
2021-10-14,3709.95,6177.32,10.0,1.813,89.6,sideways
2021-10-15,3703.84,6217.49,10.0,1.855,89.58,sideways
2021-10-18,3665.97,6143.95,10.0,1.823,89.41,sideways
2021-10-19,3688.95,6118.29,10.28,1.846,89.03,sideways
2021-10-20,3667.14,6029.92,10.6,1.845,89.52,sideways
2021-10-21,3688.77,6026.95,11.04,1.879,89.45,sideways
2021-10-22,3674.04,6015.77,10.48,1.885,89.45,sideways
2021-10-25,3642.53,6108.33,10.42,1.915,89.49,sideways
2021-10-26,3629.67,6091.46,10.13,1.934,89.89,sideways
2021-10-27,3582.64,6097.75,10.24,1.924,89.75,sideways
2021-10-28,3611.79,6032.24,10.0,1.939,89.59,sideways
2021-10-29,3656.13,6019.18,10.21,1.953,89.54,sideways
2021-11-01,3639.98,5961.8,10.44,1.999,89.71,sideways
2021-11-02,3658.6,5906.2,10.76,2.026,89.64,sideways
2021-11-03,3642.04,5889.14,10.44,2.062,90.26,sideways
2021-11-04,3666.1,5924.05,10.1,2.068,90.05,sideways
2021-11-05,3671.48,6044.47,10.0,2.07,89.84,sideways
2021-11-08,3662.26,6053.87,10.0,2.088,89.61,sideways
2021-11-09,3650.35,6058.19,10.09,2.126,90.03,sideways
2021-11-10,3587.22,5977.96,10.0,2.13,90.01,sideways
2021-11-11,3678.57,6005.14,10.0,2.13,89.97,sideways
2021-11-12,3673.77,5927.29,10.0,2.147,90.04,sideways
2021-11-15,3634.05,5952.3,10.04,2.173,90.63,sideways
2021-11-16,3572.56,5940.07,10.05,2.176,91.36,sideways
2021-11-17,3504.91,5940.56,10.27,2.177,91.39,sideways
2021-11-18,3513.2,5967.96,10.35,2.161,91.36,sideways
2021-11-19,3525.98,5917.3,10.21,2.124,91.39,sideways
2021-11-22,3503.36,5958.74,10.0,2.156,91.42,sideways
2021-11-23,3526.87,5940.27,10.19,2.169,91.09,sideways
2021-11-24,3484.69,5836.61,10.52,2.154,91.21,sideways
2021-11-25,3488.1,5800.43,10.07,2.162,91.11,sideways
2021-11-26,3453.83,5766.52,10.0,2.189,91.28,sideways
2021-11-29,3477.41,5792.88,10.54,2.19,91.05,sideways
2021-11-30,3454.7,5844.28,10.0,2.213,90.94,sideways
2021-12-01,3486.92,5852.08,10.0,2.243,90.95,sideways
2021-12-02,3448.64,5792.39,10.07,2.225,90.87,sideways
2021-12-03,3450.02,5772.1,10.79,2.246,90.57,sideways
2021-12-06,3463.7,5849.25,10.45,2.22,90.79,sideways
2021-12-07,3455.36,5814.6,10.68,2.218,90.92,sideways
2021-12-08,3518.96,5908.82,11.17,2.249,91.26,sideways
2021-12-09,3548.7,5915.15,11.03,2.265,90.84,sideways
2021-12-10,3534.28,5900.61,11.37,2.264,91.13,sideways
2021-12-13,3533.83,5782.98,11.75,2.253,90.75,sideways
2021-12-14,3560.06,5663.83,11.73,2.257,91.03,sideways
2021-12-15,3508.0,5691.08,12.27,2.245,90.85,sideways
2021-12-16,3534.17,5720.65,11.97,2.252,91.21,sideways
2021-12-17,3496.71,5703.73,12.82,2.242,91.13,sideways
2021-12-20,3533.92,5609.39,12.56,2.256,90.82,sideways
2021-12-21,3545.99,5581.63,11.78,2.223,90.24,sideways
2021-12-22,3557.48,5582.0,11.29,2.233,90.26,sideways
2021-12-23,3583.04,5613.21,11.51,2.261,90.33,sideways
2021-12-24,3587.86,5623.13,12.04,2.297,90.08,sideways
2021-12-27,3586.22,5759.21,11.83,2.254,89.69,sideways
2021-12-28,3564.51,5682.72,12.26,2.276,89.44,sideways
2021-12-29,3566.53,5596.36,12.62,2.292,89.1,sideways
2021-12-30,3603.4,5569.07,12.38,2.276,88.95,sideways
2021-12-31,3559.51,5472.55,12.6,2.3,88.76,sideways
2022-01-03,3565.45,5401.43,11.54,2.306,88.48,bear
2022-01-04,3588.05,5356.46,12.9,2.334,89.02,bear
2022-01-05,3611.08,5268.49,13.26,2.34,88.94,bear
2022-01-06,3593.98,5250.41,12.15,2.339,88.65,bear
2022-01-07,3549.57,5210.81,11.6,2.339,88.84,bear
2022-01-10,3476.61,5265.86,13.48,2.385,88.47,bear
2022-01-11,3468.6,5235.72,13.42,2.432,88.27,bear
2022-01-12,3427.7,5297.77,13.9,2.429,88.34,bear
2022-01-13,3489.09,5301.76,13.75,2.408,88.38,bear
2022-01-14,3463.84,5274.96,13.93,2.419,88.39,bear
2022-01-17,3523.95,5297.9,13.32,2.437,88.72,bear
2022-01-18,3503.39,5355.29,13.07,2.44,88.47,bear
2022-01-19,3416.98,5413.33,12.34,2.445,88.57,bear
2022-01-20,3445.06,5356.64,11.79,2.453,88.86,bear
2022-01-21,3468.28,5302.01,12.24,2.447,89.09,bear
2022-01-24,3479.95,5265.07,13.58,2.458,89.23,bear
2022-01-25,3483.58,5284.89,13.34,2.498,89.12,bear
2022-01-26,3477.38,5275.58,14.93,2.494,89.47,bear
2022-01-27,3472.89,5307.55,17.03,2.48,89.78,bear
2022-01-28,3424.58,5286.79,16.63,2.479,89.61,bear
2022-01-31,3437.05,5268.34,16.2,2.473,89.49,bear
2022-02-01,3445.56,5267.36,16.63,2.487,89.49,bear
2022-02-02,3422.48,5227.62,16.16,2.532,89.09,bear
2022-02-03,3410.88,5195.83,14.6,2.525,89.13,bear
2022-02-04,3458.69,5162.85,16.56,2.496,89.24,bear
2022-02-07,3429.01,5183.24,19.32,2.491,89.33,bear
2022-02-08,3441.84,5181.56,22.63,2.494,89.33,bear
2022-02-09,3418.73,5131.26,24.57,2.531,89.85,bear
2022-02-10,3435.34,5097.39,22.61,2.534,90.03,bear
2022-02-11,3432.19,5043.9,21.62,2.549,90.13,bear
2022-02-14,3475.27,5124.22,25.93,2.54,90.41,bear
2022-02-15,3442.6,5145.42,25.78,2.542,90.53,bear
2022-02-16,3408.5,5054.76,24.7,2.539,90.56,bear
2022-02-17,3389.26,5016.79,24.87,2.555,90.5,bear
2022-02-18,3325.98,4972.53,22.59,2.562,90.98,bear
2022-02-21,3308.09,4968.76,19.59,2.599,91.08,bear
2022-02-22,3265.33,5089.33,18.75,2.582,91.31,bear
2022-02-23,3259.64,5119.27,21.57,2.626,91.35,bear
2022-02-24,3248.19,5041.56,18.29,2.646,91.32,bear
2022-02-25,3229.74,5062.05,17.61,2.658,91.32,bear
2022-02-28,3188.22,5022.17,18.42,2.645,91.09,bear
2022-03-01,3237.83,5028.09,19.51,2.67,91.24,bear
2022-03-02,3213.98,5053.76,23.02,2.66,91.56,bear
2022-03-03,3246.76,5016.93,20.1,2.659,91.17,bear
2022-03-04,3160.29,4981.37,20.19,2.694,90.83,bear
2022-03-07,3156.06,5017.59,17.67,2.692,90.74,bear
2022-03-08,3103.76,4984.0,15.8,2.7,90.7,bear
2022-03-09,3103.85,4976.86,15.2,2.704,90.77,bear
2022-03-10,3082.77,5006.1,13.47,2.712,91.18,bear
2022-03-11,3085.86,4929.83,13.05,2.711,90.6,bear
2022-03-14,3101.31,4990.77,14.08,2.687,90.75,bear
2022-03-15,3154.37,4959.15,14.94,2.672,91.0,bear
2022-03-16,3125.01,4966.28,15.83,2.682,90.99,bear
2022-03-17,3134.11,4992.72,14.85,2.645,90.61,bear
2022-03-18,3131.56,5077.57,12.97,2.621,91.12,bear
2022-03-21,3133.22,5032.1,12.79,2.61,91.0,bear
2022-03-22,3141.74,5022.23,13.27,2.595,91.18,bear
2022-03-23,3133.6,5103.44,14.28,2.612,91.19,bear
2022-03-24,3119.59,5062.75,13.48,2.626,91.1,bear
2022-03-25,3148.44,5070.98,12.92,2.625,91.1,bear
2022-03-28,3144.71,5009.82,12.63,2.628,90.91,bear
2022-03-29,3146.33,5026.42,13.13,2.629,90.65,bear
2022-03-30,3119.74,5080.82,13.65,2.61,90.51,bear
2022-03-31,3161.35,5037.56,16.79,2.621,90.59,bear
2022-04-01,3190.62,5008.12,18.07,2.637,90.72,bear
2022-04-04,3206.46,5110.24,19.55,2.625,90.55,bear
2022-04-05,3237.1,5115.94,19.85,2.622,90.43,bear
2022-04-06,3256.09,5126.08,17.99,2.611,90.74,bear
2022-04-07,3247.28,5121.49,19.62,2.619,90.75,bear
2022-04-08,3200.63,5148.08,18.09,2.632,90.18,bear
2022-04-11,3166.03,5165.18,19.75,2.59,90.27,bear
2022-04-12,3177.71,5226.53,20.71,2.579,89.94,bear
2022-04-13,3149.55,5117.93,18.93,2.617,90.66,bear
2022-04-14,3123.4,5107.39,20.78,2.606,91.32,bear
2022-04-15,3164.16,5118.08,21.14,2.633,91.32,bear
2022-04-18,3117.55,5107.4,23.29,2.628,91.51,bear
2022-04-19,3111.37,5172.99,23.77,2.653,91.49,bear
2022-04-20,3139.06,5143.29,24.83,2.67,91.89,bear
2022-04-21,3133.61,5138.67,22.11,2.694,91.46,bear
2022-04-22,3056.51,5142.24,21.1,2.715,91.75,bear
2022-04-25,2997.89,5193.76,19.35,2.722,92.34,bear
2022-04-26,2991.84,5232.99,19.68,2.716,92.28,bear
2022-04-27,2965.33,5216.37,21.39,2.728,92.42,bear
2022-04-28,3018.63,5293.15,21.42,2.702,92.25,bear
2022-04-29,2972.34,5281.42,23.94,2.678,92.41,bear
2022-05-02,2950.48,5269.14,25.38,2.644,92.61,bear
2022-05-03,2949.86,5256.13,24.51,2.65,92.88,bear
2022-05-04,2944.34,5282.99,27.08,2.648,92.47,bear
2022-05-05,2966.48,5387.58,27.65,2.642,92.35,bear
2022-05-06,2950.56,5361.55,26.32,2.664,92.48,bear
2022-05-09,2902.59,5388.43,23.74,2.668,92.59,bear
2022-05-10,2927.31,5432.83,24.71,2.689,92.75,bear
2022-05-11,2929.4,5395.9,23.73,2.679,92.71,bear
2022-05-12,2964.21,5430.33,22.33,2.686,92.92,bear
2022-05-13,2958.72,5456.31,20.71,2.684,92.87,bear
2022-05-16,2939.18,5521.63,21.89,2.692,92.55,bear
2022-05-17,2978.92,5529.69,21.82,2.728,92.71,bear
2022-05-18,2969.77,5501.02,20.57,2.736,93.31,bear
2022-05-19,2969.42,5446.79,19.4,2.726,93.54,bear
2022-05-20,2984.4,5452.35,20.72,2.748,93.45,bear
2022-05-23,2975.35,5509.86,22.25,2.745,92.76,bear
2022-05-24,3003.44,5499.31,20.25,2.764,93.09,bear
2022-05-25,3024.34,5545.51,21.76,2.757,93.43,bear
2022-05-26,3015.84,5486.95,22.46,2.743,93.4,bear
2022-05-27,2984.8,5452.87,23.34,2.759,93.42,bear
2022-05-30,2965.2,5499.08,25.77,2.741,93.33,bear
2022-05-31,2956.41,5440.67,24.23,2.742,93.43,bear
2022-06-01,3005.78,5394.9,21.92,2.706,93.56,bear
2022-06-02,3029.11,5372.16,21.85,2.688,93.48,bear
2022-06-03,3039.67,5506.5,19.92,2.665,93.14,bear
2022-06-06,3032.33,5593.66,19.51,2.672,92.7,bear
2022-06-07,2995.36,5578.7,23.07,2.641,93.06,bear
2022-06-08,2986.79,5498.44,20.7,2.673,92.93,bear
2022-06-09,2986.79,5571.41,20.85,2.691,92.91,bear
2022-06-10,2969.39,5537.41,22.74,2.7,92.93,bear
2022-06-13,2922.93,5585.96,26.45,2.712,92.82,bear
2022-06-14,2941.07,5661.17,23.44,2.691,92.65,bear
2022-06-15,2951.9,5608.89,23.56,2.647,92.65,bear
2022-06-16,2977.76,5620.82,25.85,2.645,92.85,bear
2022-06-17,2978.08,5730.43,25.29,2.601,92.55,bear
2022-06-20,3002.85,5783.4,24.38,2.574,92.67,bear
2022-06-21,2987.27,5796.17,24.04,2.573,92.85,bear
2022-06-22,2930.59,5813.23,24.01,2.593,92.81,bear
2022-06-23,2943.57,5829.64,22.86,2.587,93.07,bear
2022-06-24,2919.65,5849.31,22.13,2.589,93.14,bear
2022-06-27,2887.59,5941.69,22.8,2.588,92.99,bear
2022-06-28,2927.56,6112.47,21.16,2.588,93.04,bear
2022-06-29,2925.72,6148.59,20.15,2.598,92.84,bear
2022-06-30,2913.03,6102.74,20.39,2.623,92.57,bear
2022-07-01,2901.44,6050.49,22.63,2.637,92.17,recovery
2022-07-04,2917.72,6171.82,21.5,2.655,92.02,recovery
2022-07-05,2901.89,6170.91,22.12,2.636,92.31,recovery
2022-07-06,2922.64,6198.23,22.81,2.64,92.77,recovery
2022-07-07,2883.09,6152.6,22.36,2.637,92.41,recovery
2022-07-08,2879.33,6176.74,22.22,2.62,92.3,recovery
2022-07-11,2867.68,6194.24,22.81,2.591,92.33,recovery
2022-07-12,2838.52,6202.78,24.83,2.577,92.16,recovery
2022-07-13,2846.6,6268.18,25.52,2.607,91.82,recovery
2022-07-14,2835.77,6253.0,25.91,2.591,92.13,recovery
2022-07-15,2837.19,6254.98,24.88,2.612,92.22,recovery
2022-07-18,2802.24,6271.27,25.08,2.633,92.24,recovery
2022-07-19,2816.95,6252.74,23.96,2.625,92.56,recovery
2022-07-20,2847.34,6182.94,22.42,2.614,92.15,recovery
2022-07-21,2933.64,6220.33,23.19,2.634,91.97,recovery
2022-07-22,2886.83,6289.46,22.7,2.658,91.4,recovery
2022-07-25,2871.1,6278.32,22.96,2.65,91.45,recovery
2022-07-26,2861.66,6410.38,23.48,2.689,91.58,recovery
2022-07-27,2880.15,6344.65,24.0,2.687,92.22,recovery
2022-07-28,2874.1,6446.04,21.41,2.686,92.23,recovery
2022-07-29,2881.14,6449.84,22.79,2.702,92.25,recovery
2022-08-01,2901.71,6405.47,22.47,2.7,92.41,recovery
2022-08-02,2834.84,6433.25,21.92,2.719,92.69,recovery
2022-08-03,2834.85,6298.15,21.67,2.694,92.66,recovery
2022-08-04,2839.83,6292.17,21.39,2.695,92.58,recovery
2022-08-05,2877.57,6350.79,20.8,2.665,93.03,recovery
2022-08-08,2889.98,6294.27,19.37,2.662,93.04,recovery
2022-08-09,2900.99,6364.8,19.16,2.65,93.27,recovery
2022-08-10,2891.05,6399.54,18.83,2.658,93.03,recovery
2022-08-11,2907.17,6452.53,19.33,2.659,93.07,recovery
2022-08-12,2904.27,6433.99,18.09,2.623,92.98,recovery
2022-08-15,2881.52,6338.78,18.01,2.662,92.64,recovery
2022-08-16,2927.46,6297.54,18.45,2.638,93.05,recovery
2022-08-17,2921.73,6380.37,18.46,2.625,92.57,recovery
2022-08-18,2949.21,6390.66,18.28,2.597,92.63,recovery
2022-08-19,2955.5,6302.5,19.06,2.576,92.5,recovery
2022-08-22,2895.78,6300.16,18.5,2.598,92.26,recovery
2022-08-23,2884.26,6398.13,18.76,2.591,91.84,recovery
2022-08-24,2886.24,6354.89,18.53,2.591,92.42,recovery
2022-08-25,2865.73,6364.37,17.7,2.613,92.34,recovery
2022-08-26,2834.11,6341.98,18.38,2.586,92.64,recovery
2022-08-29,2812.22,6354.94,19.3,2.592,92.69,recovery
2022-08-30,2808.08,6266.44,19.44,2.6,92.61,recovery
2022-08-31,2760.01,6254.91,18.95,2.571,92.57,recovery
2022-09-01,2735.36,6253.01,18.68,2.56,92.2,recovery
2022-09-02,2774.29,6320.59,18.0,2.563,92.31,recovery
2022-09-05,2787.31,6345.07,18.12,2.582,91.75,recovery
2022-09-06,2780.35,6443.75,17.24,2.585,91.31,recovery
2022-09-07,2781.51,6341.62,16.79,2.575,91.54,recovery
2022-09-08,2766.5,6351.38,16.55,2.607,91.09,recovery
2022-09-09,2714.77,6316.33,17.66,2.59,91.38,recovery
2022-09-12,2715.76,6356.06,18.83,2.606,91.83,recovery
2022-09-13,2768.16,6357.41,18.74,2.627,91.52,recovery
2022-09-14,2763.9,6433.57,19.98,2.652,91.52,recovery
2022-09-15,2781.88,6392.88,20.4,2.63,92.2,recovery
2022-09-16,2816.5,6419.82,20.01,2.655,91.74,recovery
2022-09-19,2784.78,6349.14,21.62,2.63,91.39,recovery
2022-09-20,2827.99,6289.25,21.42,2.65,91.09,recovery
2022-09-21,2849.7,6276.19,19.15,2.647,91.67,recovery
2022-09-22,2808.53,6418.15,19.18,2.633,91.57,recovery
2022-09-23,2861.61,6334.98,19.27,2.625,91.63,recovery
2022-09-26,2873.44,6320.23,19.47,2.62,91.51,recovery
2022-09-27,2876.73,6323.49,19.32,2.634,91.79,recovery
2022-09-28,2906.27,6261.96,19.26,2.599,91.68,recovery
2022-09-29,2899.52,6271.09,19.5,2.591,91.58,recovery
2022-09-30,2880.02,6182.78,19.78,2.609,91.16,recovery
2022-10-03,2849.59,6156.77,19.52,2.608,91.5,recovery
2022-10-04,2821.65,6243.43,18.25,2.605,91.45,recovery
2022-10-05,2860.62,6207.16,18.03,2.638,91.65,recovery
2022-10-06,2845.73,6290.13,17.59,2.619,91.96,recovery
2022-10-07,2826.02,6258.17,18.12,2.639,91.62,recovery
2022-10-10,2854.57,6209.48,17.02,2.638,91.43,recovery
2022-10-11,2862.8,6257.92,16.97,2.624,91.51,recovery
2022-10-12,2843.93,6292.95,17.81,2.636,91.22,recovery
2022-10-13,2878.35,6160.45,16.78,2.634,91.28,recovery
2022-10-14,2884.11,6262.11,16.61,2.636,90.95,recovery
2022-10-17,2904.24,6171.95,14.81,2.636,91.11,recovery
2022-10-18,2946.28,6143.24,15.38,2.633,91.44,recovery
2022-10-19,2949.4,6222.68,16.17,2.63,92.29,recovery
2022-10-20,2983.3,6189.69,15.66,2.636,92.19,recovery
2022-10-21,2987.67,6171.89,15.37,2.637,92.39,recovery
2022-10-24,2981.77,6216.14,14.59,2.655,92.21,recovery
2022-10-25,2987.43,6142.19,13.64,2.654,91.62,recovery
2022-10-26,2988.14,6282.32,14.7,2.642,91.56,recovery
2022-10-27,3022.64,6356.23,14.63,2.642,91.54,recovery
2022-10-28,3021.7,6343.19,14.83,2.611,91.26,recovery
2022-10-31,3020.03,6471.96,14.99,2.615,91.55,recovery
2022-11-01,3030.11,6434.46,15.28,2.63,91.54,recovery
2022-11-02,3061.5,6573.74,15.16,2.626,91.65,recovery
2022-11-03,3107.6,6546.89,15.03,2.625,91.77,recovery
2022-11-04,3106.18,6631.77,15.38,2.627,91.48,recovery
2022-11-07,3098.77,6657.79,15.38,2.626,91.64,recovery
2022-11-08,3106.76,6515.74,16.31,2.615,91.63,recovery
2022-11-09,3122.96,6601.98,16.5,2.58,91.94,recovery
2022-11-10,3143.35,6731.68,16.61,2.583,92.24,recovery
2022-11-11,3168.04,6702.96,15.49,2.603,92.16,recovery
2022-11-14,3201.01,6701.15,16.0,2.587,92.54,recovery
2022-11-15,3261.27,6722.22,15.68,2.579,92.47,recovery
2022-11-16,3240.72,6659.77,15.78,2.588,92.33,recovery
2022-11-17,3215.06,6652.52,15.5,2.55,92.55,recovery
2022-11-18,3181.36,6695.38,15.88,2.522,93.23,recovery
2022-11-21,3120.37,6705.91,17.15,2.507,93.73,recovery
2022-11-22,3139.36,6706.69,16.87,2.528,93.93,recovery
2022-11-23,3129.87,6658.07,15.63,2.555,93.59,recovery
2022-11-24,3119.79,6609.87,15.03,2.544,94.08,recovery
2022-11-25,3078.75,6631.92,15.69,2.59,93.73,recovery
2022-11-28,3058.21,6501.02,15.2,2.6,93.68,recovery
2022-11-29,3110.05,6569.94,14.93,2.576,93.75,recovery
2022-11-30,3106.55,6630.3,14.85,2.586,93.75,recovery
2022-12-01,3129.41,6752.49,14.39,2.592,93.31,recovery
2022-12-02,3158.27,6719.46,15.16,2.587,93.59,recovery
2022-12-05,3160.33,6592.18,14.72,2.586,93.42,recovery
2022-12-06,3202.62,6718.95,14.49,2.59,92.97,recovery
2022-12-07,3201.1,6802.89,14.1,2.585,92.32,recovery
2022-12-08,3185.48,6640.62,13.2,2.625,92.15,recovery
2022-12-09,3220.88,6610.86,12.86,2.64,92.29,recovery
2022-12-12,3189.44,6549.42,12.32,2.662,92.7,recovery
2022-12-13,3216.21,6558.76,12.15,2.671,92.83,recovery
2022-12-14,3200.72,6522.46,12.21,2.686,92.55,recovery
2022-12-15,3227.75,6517.37,11.99,2.697,92.6,recovery
2022-12-16,3168.62,6621.62,11.8,2.701,92.75,recovery
2022-12-19,3164.92,6555.73,12.06,2.703,93.14,recovery
2022-12-20,3129.53,6555.43,11.93,2.753,92.86,recovery
2022-12-21,3125.13,6571.38,12.17,2.718,92.89,recovery
2022-12-22,3124.07,6572.11,12.79,2.71,92.97,recovery
2022-12-23,3109.54,6568.29,12.83,2.724,92.47,recovery
2022-12-26,3172.06,6556.05,11.73,2.763,92.52,recovery
2022-12-27,3181.02,6475.45,10.83,2.786,92.73,recovery
2022-12-28,3193.58,6400.64,10.54,2.828,92.34,recovery
2022-12-29,3149.39,6422.73,10.66,2.826,92.34,recovery
2022-12-30,3124.71,6266.78,10.42,2.809,92.84,recovery
2023-01-02,3164.56,6267.84,10.0,2.769,92.93,bull
2023-01-03,3174.72,6255.96,10.53,2.749,93.2,bull
2023-01-04,3173.68,6209.21,10.41,2.751,93.21,bull
2023-01-05,3144.77,6349.71,10.94,2.743,93.14,bull
2023-01-06,3096.45,6613.19,11.37,2.73,93.65,bull
2023-01-09,3036.03,6580.5,11.28,2.723,93.34,bull
2023-01-10,3062.23,6785.13,11.05,2.678,92.98,bull
2023-01-11,3076.42,6664.71,10.61,2.677,92.95,bull
2023-01-12,3011.6,6710.08,10.44,2.68,93.07,bull
2023-01-13,2962.64,6503.54,10.67,2.659,93.19,bull
2023-01-16,2939.35,6599.02,10.94,2.659,93.65,bull
2023-01-17,2960.34,6515.27,11.53,2.654,93.43,bull
2023-01-18,2957.82,6457.08,10.77,2.666,93.64,bull
2023-01-19,2960.46,6557.81,11.11,2.686,93.44,bull
2023-01-20,2974.55,6486.4,10.5,2.646,93.92,bull
2023-01-23,2973.06,6349.22,10.0,2.612,93.96,bull
2023-01-24,3058.63,6270.41,10.0,2.584,94.13,bull
2023-01-25,3069.19,6255.8,10.15,2.554,93.54,bull
2023-01-26,3011.45,6126.11,10.16,2.54,93.97,bull
2023-01-27,3079.98,6064.02,10.08,2.522,94.06,bull
2023-01-30,3118.96,6164.09,10.0,2.512,93.86,bull
2023-01-31,3188.68,6102.3,10.33,2.506,93.31,bull
2023-02-01,3185.29,5928.07,10.07,2.49,93.33,bull
2023-02-02,3161.43,5830.75,10.32,2.481,93.37,bull
2023-02-03,3166.63,5738.66,10.28,2.468,93.31,bull
2023-02-06,3143.29,5779.66,10.48,2.433,93.0,bull
2023-02-07,3102.57,5744.38,11.05,2.399,93.14,bull
2023-02-08,3142.53,5681.26,11.12,2.411,92.95,bull
2023-02-09,3098.73,5913.87,10.73,2.414,92.63,bull
2023-02-10,3141.03,5685.94,10.63,2.407,92.58,bull
2023-02-13,3218.81,5703.16,10.0,2.396,92.41,bull
2023-02-14,3289.65,5664.32,10.0,2.41,93.33,bull
2023-02-15,3186.51,5598.63,10.0,2.4,93.34,bull
2023-02-16,3279.93,5739.68,10.0,2.427,93.54,bull
2023-02-17,3341.75,5908.69,10.0,2.415,93.64,bull
2023-02-20,3332.32,5981.85,10.0,2.424,93.54,bull
2023-02-21,3336.68,6208.08,10.0,2.436,93.44,bull
2023-02-22,3242.51,6208.85,10.22,2.451,93.29,bull
2023-02-23,3209.62,6429.26,11.1,2.418,93.33,bull
2023-02-24,3234.79,6487.71,11.43,2.428,92.89,bull
2023-02-27,3231.06,6527.51,10.8,2.406,92.52,bull
2023-02-28,3147.45,6576.23,10.33,2.411,92.32,bull
2023-03-01,3222.67,6527.54,10.22,2.407,92.14,bull
2023-03-02,3160.04,6592.9,10.42,2.386,92.11,bull
2023-03-03,3228.91,6692.42,10.6,2.37,92.22,bull
2023-03-06,3192.2,6848.78,10.55,2.398,92.24,bull
2023-03-07,3135.59,6794.42,10.0,2.373,91.94,bull
2023-03-08,3102.04,6842.8,10.0,2.351,91.93,bull
2023-03-09,3072.46,6681.18,10.22,2.336,92.11,bull
2023-03-10,3099.23,6681.73,11.31,2.336,92.03,bull
2023-03-13,3048.08,6865.09,11.62,2.35,91.76,bull
2023-03-14,3070.09,6842.17,11.84,2.351,91.77,bull
2023-03-15,3049.07,6738.69,11.54,2.371,92.25,bull
2023-03-16,3085.86,6880.59,10.95,2.379,91.94,bull
2023-03-17,3076.44,6894.7,10.81,2.409,91.54,bull
2023-03-20,2975.91,6743.09,10.65,2.422,91.61,bull
2023-03-21,3026.15,6478.98,10.94,2.429,91.57,bull
2023-03-22,3021.64,6570.76,11.34,2.425,91.74,bull
2023-03-23,2975.9,6757.04,11.48,2.417,92.18,bull
2023-03-24,3015.62,6818.5,10.99,2.396,91.93,bull
2023-03-27,3012.46,6826.14,11.52,2.351,91.78,bull
2023-03-28,3038.61,6800.63,11.71,2.327,91.83,bull
2023-03-29,2993.35,6854.25,11.68,2.311,91.55,bull
2023-03-30,3019.61,6838.77,12.17,2.309,91.62,bull
2023-03-31,3040.56,7023.28,12.37,2.319,91.52,bull
2023-04-03,3064.23,7022.99,12.89,2.326,91.55,bull
2023-04-04,3053.81,7083.61,13.26,2.338,91.27,bull
2023-04-05,3048.69,7242.49,12.77,2.367,91.4,bull
2023-04-06,3036.41,7344.33,12.43,2.374,91.33,bull
2023-04-07,3041.08,7299.82,11.61,2.372,91.39,bull
2023-04-10,3056.84,7510.14,12.57,2.36,91.31,bull
2023-04-11,3073.77,7852.07,13.58,2.368,91.03,bull
2023-04-12,3011.37,7648.82,13.97,2.377,91.3,bull
2023-04-13,3062.08,7767.4,14.26,2.393,90.96,bull
2023-04-14,3115.99,7765.83,14.74,2.403,91.31,bull
2023-04-17,3167.3,7856.58,15.25,2.444,91.47,bull
2023-04-18,3100.64,7981.01,14.99,2.467,91.58,bull
2023-04-19,3080.1,8090.49,15.87,2.464,91.19,bull
2023-04-20,3102.51,8100.36,15.45,2.441,90.83,bull
2023-04-21,3129.76,8068.0,14.63,2.481,90.9,bull
2023-04-24,3154.42,8130.16,14.64,2.44,90.87,bull
2023-04-25,3206.22,8103.47,13.97,2.437,91.33,bull
2023-04-26,3216.16,7803.53,13.38,2.402,91.25,bull
2023-04-27,3319.63,7810.74,12.85,2.422,90.81,bull
2023-04-28,3336.26,7623.77,13.52,2.418,90.6,bull
2023-05-01,3323.65,7612.76,13.04,2.373,90.7,bull
2023-05-02,3355.42,7781.65,14.07,2.397,90.87,bull
2023-05-03,3423.74,7714.49,13.27,2.408,90.47,bull
2023-05-04,3417.88,7665.45,13.32,2.413,90.5,bull
2023-05-05,3375.99,7522.24,13.14,2.419,90.56,bull
2023-05-08,3310.0,7529.14,12.88,2.418,90.74,bull
2023-05-09,3324.9,7511.44,12.74,2.38,90.85,bull
2023-05-10,3331.21,7327.12,13.05,2.381,90.94,bull
2023-05-11,3404.78,7429.84,13.28,2.367,90.84,bull
2023-05-12,3380.93,7508.39,13.69,2.361,90.65,bull
2023-05-15,3394.51,7420.91,13.41,2.387,90.3,bull
2023-05-16,3393.65,7664.93,12.3,2.379,90.37,bull
2023-05-17,3486.81,7498.34,12.16,2.365,90.94,bull
2023-05-18,3473.21,7393.25,12.13,2.378,91.4,bull
2023-05-19,3422.18,7542.47,12.26,2.392,91.03,bull
2023-05-22,3387.44,7421.69,11.93,2.41,91.18,bull
2023-05-23,3362.62,7136.18,11.71,2.392,91.64,bull
2023-05-24,3321.92,7234.4,12.17,2.396,91.41,bull
2023-05-25,3294.83,7436.82,12.54,2.441,91.11,bull
2023-05-26,3320.36,7526.28,12.55,2.456,91.26,bull
2023-05-29,3345.94,7442.02,11.96,2.42,90.93,bull
2023-05-30,3455.66,7371.36,12.61,2.419,90.82,bull
2023-05-31,3509.33,7364.44,12.46,2.421,90.67,bull
2023-06-01,3580.28,7278.33,12.71,2.454,90.84,bull
2023-06-02,3596.34,7165.53,12.41,2.474,90.36,bull
2023-06-05,3703.75,7140.24,13.39,2.461,90.32,bull
2023-06-06,3660.08,6956.3,13.87,2.46,90.77,bull
2023-06-07,3683.57,6813.86,13.79,2.441,90.89,bull
2023-06-08,3641.25,6777.82,13.81,2.418,90.81,bull
2023-06-09,3715.58,6854.36,14.39,2.396,90.71,bull
2023-06-12,3670.79,6926.36,13.42,2.407,91.04,bull
2023-06-13,3694.49,6880.99,14.11,2.397,91.06,bull
2023-06-14,3716.81,6738.71,14.97,2.404,91.27,bull
2023-06-15,3699.1,6752.51,15.07,2.405,91.44,bull
2023-06-16,3697.03,6632.13,14.67,2.387,91.47,bull
2023-06-19,3812.61,6646.2,13.97,2.384,91.53,bull
2023-06-20,3889.66,6849.88,14.09,2.413,91.17,bull
2023-06-21,3882.83,7045.1,13.74,2.383,90.94,bull
2023-06-22,3923.28,6945.44,12.99,2.357,91.14,bull
2023-06-23,4053.85,6937.6,12.86,2.359,90.47,bull
2023-06-26,4055.5,7032.55,12.96,2.369,90.4,bull
2023-06-27,3946.74,6950.43,13.27,2.378,90.51,bull
2023-06-28,3984.14,7014.8,13.74,2.392,90.93,bull
2023-06-29,4030.15,7011.19,14.4,2.417,91.06,bull
2023-06-30,4089.29,6999.04,13.85,2.447,91.48,bull
2023-07-03,4013.82,6957.19,14.34,2.412,91.98,sideways
2023-07-04,4086.15,6855.96,14.73,2.402,91.92,sideways
2023-07-05,4027.81,6887.49,14.92,2.395,92.36,sideways
2023-07-06,4108.57,6875.64,14.19,2.356,92.89,sideways
2023-07-07,4096.44,6879.25,13.83,2.345,93.06,sideways
2023-07-10,4091.16,6761.59,13.96,2.327,93.28,sideways
2023-07-11,4073.03,6704.94,13.58,2.294,93.46,sideways
2023-07-12,4138.96,6753.21,13.55,2.294,93.34,sideways
2023-07-13,4094.88,6837.91,13.26,2.294,93.89,sideways
2023-07-14,4084.25,6863.19,14.54,2.285,94.18,sideways
2023-07-17,4070.97,6944.61,14.89,2.338,93.72,sideways
2023-07-18,4048.67,6871.66,14.78,2.358,93.17,sideways
2023-07-19,4068.82,6878.74,14.67,2.355,92.82,sideways
2023-07-20,4184.8,6725.71,14.64,2.362,92.96,sideways
2023-07-21,4228.82,6741.38,15.59,2.346,93.24,sideways
2023-07-24,4205.18,6687.04,16.05,2.334,92.05,sideways
2023-07-25,4231.32,6676.3,17.12,2.345,92.13,sideways
2023-07-26,4267.74,6640.44,18.34,2.347,92.0,sideways
2023-07-27,4299.55,6678.73,17.97,2.363,91.81,sideways
2023-07-28,4319.98,6569.25,18.02,2.349,91.51,sideways
2023-07-31,4276.54,6484.84,18.18,2.361,91.66,sideways
2023-08-01,4245.46,6486.59,18.42,2.388,92.34,sideways
2023-08-02,4219.69,6543.92,17.82,2.363,92.03,sideways
2023-08-03,4230.51,6542.19,18.22,2.311,92.06,sideways
2023-08-04,4196.59,6391.35,17.75,2.304,92.62,sideways
2023-08-07,4170.52,6339.61,17.52,2.351,93.31,sideways
2023-08-08,4152.4,6274.3,17.69,2.341,93.86,sideways
2023-08-09,4220.39,6219.94,17.6,2.339,93.75,sideways
2023-08-10,4225.3,6178.91,18.28,2.37,94.05,sideways
2023-08-11,4191.12,6179.1,18.35,2.383,93.81,sideways
2023-08-14,4163.24,6168.11,17.92,2.414,94.31,sideways
2023-08-15,4196.02,6197.97,18.71,2.415,94.53,sideways
2023-08-16,4120.45,6218.84,18.93,2.397,94.84,sideways
2023-08-17,4081.86,6125.32,19.5,2.403,94.85,sideways
2023-08-18,4074.59,6189.27,18.73,2.415,94.48,sideways
2023-08-21,4062.44,6224.85,18.53,2.422,94.71,sideways
2023-08-22,4073.67,6194.41,17.66,2.415,95.3,sideways
2023-08-23,4035.49,6134.71,16.03,2.408,95.25,sideways
2023-08-24,3997.9,6059.53,15.51,2.386,95.02,sideways
2023-08-25,4003.66,6056.87,15.0,2.367,95.22,sideways
2023-08-28,3899.78,6117.35,16.08,2.36,95.0,sideways
2023-08-29,3990.87,6156.84,15.03,2.356,94.68,sideways
2023-08-30,3976.43,6106.38,15.74,2.368,94.88,sideways
2023-08-31,3929.3,6069.9,14.71,2.343,95.03,sideways
2023-09-01,3917.76,6049.77,15.31,2.365,95.28,sideways
2023-09-04,3911.1,6029.77,15.19,2.357,95.06,sideways
2023-09-05,3825.4,6030.95,16.27,2.341,95.03,sideways
2023-09-06,3830.34,6122.88,16.9,2.334,94.69,sideways
2023-09-07,3871.2,6202.18,16.85,2.335,95.03,sideways
2023-09-08,3842.51,6219.57,15.73,2.335,95.01,sideways
2023-09-11,3811.57,6154.5,15.23,2.305,94.58,sideways
2023-09-12,3827.39,6190.05,15.61,2.35,94.75,sideways
2023-09-13,3817.12,6256.63,15.32,2.385,94.95,sideways
2023-09-14,3901.68,6193.21,15.14,2.393,95.34,sideways
2023-09-15,3866.61,6238.37,15.4,2.386,94.74,sideways
2023-09-18,3942.18,6229.91,14.85,2.375,94.83,sideways
2023-09-19,3945.09,6201.5,15.19,2.37,94.34,sideways
2023-09-20,3974.92,6152.99,14.93,2.356,94.31,sideways
2023-09-21,3937.15,6144.46,15.59,2.384,94.02,sideways
2023-09-22,3954.33,6191.79,15.57,2.376,93.64,sideways
2023-09-25,3986.71,6244.25,15.42,2.365,93.41,sideways
2023-09-26,3896.66,6175.47,15.49,2.36,92.64,sideways
2023-09-27,3950.1,6094.54,15.67,2.398,92.57,sideways
2023-09-28,3973.92,6148.31,14.86,2.404,92.22,sideways
2023-09-29,3943.1,6123.84,14.23,2.393,92.07,sideways
2023-10-02,3949.57,6146.81,14.92,2.391,92.12,sideways
2023-10-03,4028.18,6126.67,16.0,2.412,92.08,sideways
2023-10-04,3972.81,6110.8,14.92,2.415,92.76,sideways
2023-10-05,3961.92,6157.87,14.77,2.439,92.41,sideways
2023-10-06,3961.58,6074.11,15.57,2.441,92.57,sideways
2023-10-09,3982.24,5981.18,14.73,2.454,92.67,sideways
2023-10-10,3997.84,6030.03,14.59,2.444,92.23,sideways
2023-10-11,4052.95,6036.24,13.63,2.423,92.2,sideways
2023-10-12,4061.74,6113.23,13.92,2.398,92.22,sideways
2023-10-13,4050.94,6105.69,14.44,2.426,92.63,sideways
2023-10-16,4059.05,6149.41,14.52,2.416,92.28,sideways
2023-10-17,4011.57,6181.18,14.75,2.427,92.52,sideways
2023-10-18,4068.8,6210.97,14.53,2.4,92.63,sideways
2023-10-19,4043.04,6166.64,14.27,2.409,92.68,sideways
2023-10-20,4101.58,6139.27,13.47,2.387,92.14,sideways
2023-10-23,4131.09,6191.28,13.08,2.377,92.24,sideways
2023-10-24,4085.27,6133.91,13.15,2.394,92.13,sideways
2023-10-25,4022.41,6129.58,12.95,2.383,92.24,sideways
2023-10-26,4029.87,6028.95,12.35,2.389,92.3,sideways
2023-10-27,4039.09,6030.9,12.42,2.385,92.4,sideways
2023-10-30,3996.89,5996.83,12.53,2.418,92.18,sideways
2023-10-31,3941.91,5973.11,12.49,2.409,92.55,sideways
2023-11-01,3931.1,5956.01,12.86,2.422,93.05,sideways
2023-11-02,3911.56,5983.6,13.05,2.448,92.92,sideways
2023-11-03,3967.43,6043.27,13.61,2.437,92.91,sideways
2023-11-06,3961.31,5975.5,13.72,2.442,92.96,sideways
2023-11-07,3961.74,5975.48,13.75,2.443,92.74,sideways
2023-11-08,3961.36,5984.99,12.99,2.423,92.32,sideways
2023-11-09,3950.78,5976.73,12.47,2.451,91.29,sideways
2023-11-10,3957.1,5880.82,12.1,2.449,90.93,sideways
2023-11-13,3955.3,5789.17,11.99,2.435,91.42,sideways
2023-11-14,3990.66,5838.22,12.69,2.413,91.22,sideways
2023-11-15,4032.0,5824.86,12.77,2.412,91.54,sideways
2023-11-16,4037.07,5802.16,13.24,2.392,91.35,sideways
2023-11-17,3983.39,5797.63,13.48,2.386,91.16,sideways
2023-11-20,3940.8,5822.22,13.58,2.396,91.0,sideways
2023-11-21,4012.35,5785.81,13.87,2.401,91.0,sideways
2023-11-22,3985.98,5690.53,13.25,2.396,91.49,sideways
2023-11-23,3989.84,5675.91,13.38,2.391,91.72,sideways
2023-11-24,4073.59,5596.11,13.47,2.388,91.68,sideways
2023-11-27,4131.93,5595.71,12.36,2.415,91.98,sideways
2023-11-28,4116.06,5593.99,11.86,2.44,91.92,sideways
2023-11-29,4156.24,5563.88,12.41,2.467,91.72,sideways
2023-11-30,4091.06,5581.15,12.59,2.489,92.09,sideways
2023-12-01,4114.98,5502.92,12.94,2.495,92.16,sideways
2023-12-04,4086.33,5429.61,12.69,2.529,91.75,sideways
2023-12-05,4118.88,5470.93,13.48,2.498,91.87,sideways
2023-12-06,4177.37,5433.57,14.13,2.493,92.1,sideways
2023-12-07,4148.75,5401.01,14.41,2.498,91.86,sideways
2023-12-08,4195.57,5467.54,13.34,2.485,92.38,sideways
2023-12-11,4169.16,5366.72,14.17,2.463,91.78,sideways
2023-12-12,4057.45,5352.35,14.82,2.468,92.1,sideways
2023-12-13,4051.34,5266.66,15.2,2.488,92.5,sideways
2023-12-14,4007.45,5225.69,15.43,2.455,92.23,sideways
2023-12-15,4005.57,5243.08,14.5,2.461,92.42,sideways
2023-12-18,4068.47,5287.68,13.36,2.481,92.27,sideways
2023-12-19,4114.53,5367.11,13.16,2.473,92.15,sideways
2023-12-20,4148.69,5376.63,13.0,2.468,91.94,sideways
2023-12-21,4208.79,5357.63,13.03,2.457,92.18,sideways
2023-12-22,4286.67,5377.3,13.03,2.475,92.39,sideways
2023-12-25,4247.26,5350.73,12.45,2.476,92.05,sideways
2023-12-26,4301.17,5335.9,13.04,2.51,92.23,sideways
2023-12-27,4329.32,5301.9,12.42,2.533,92.29,sideways
2023-12-28,4410.97,5317.69,11.99,2.529,91.93,sideways
2023-12-29,4403.39,5242.09,11.5,2.546,91.6,sideways
